{
    "Calibration Size":[
        7,
        5
    ],
    "Crop Coordinates":[
        38,
        21,
        445,
        368
    ],
    "Distortion Parameters":[
        [
            0.1382732776016361,
            -0.3463650059186393,
            -0.0016294625082502975,
            0.001426960306521627,
            0.10311854088278305
        ]
    ],
    "Old Camera Matrix":[
        [
            370.3166293681647,
            0.0,
            259.0919582223905
        ],
        [
            0.0,
            370.19210936776204,
            202.24520640452118
        ],
        [
            0.0,
            0.0,
            1.0
        ]
    ],
    "Optimal Camera Matrix":[
        [
            321.4141540527344,
            0.0,
            264.06395164787136
        ],
        [
            0.0,
            324.7426452636719,
            195.39428425206825
        ],
        [
            0.0,
            0.0,
            1.0
        ]
    ],
    "Total Projection Error":0.05093261652256185
}