{
    "FocalLengthX":365.154296875,
    "FocalLengthY":365.154296875,
    "PrincipalPointX":258.223388671875,
    "PrincipalPointY":206.0446014404297,
    "RadialDistortionFourthOrder":-0.2707982063293457,
    "RadialDistortionSecondOrder":0.09385042637586594,
    "RadialDistortionSixthOrder":0.09113270789384842
}