{
    "Calibration Size":[
        7,
        5
    ],
    "Crop Coordinates":[
        101,
        56,
        1614,
        894
    ],
    "Distortion Parameters":[
        [
            0.025831983011734536,
            0.0373074331712264,
            -0.001955989519233776,
            -0.002701255316388738,
            -0.08518596726200282
        ]
    ],
    "Old Camera Matrix":[
        [
            1046.3203900628178,
            0.0,
            959.7490670292583
        ],
        [
            0.0,
            1046.6928310990172,
            524.2007514843109
        ],
        [
            0.0,
            0.0,
            1.0
        ]
    ],
    "Optimal Camera Matrix":[
        [
            876.4382934570312,
            0.0,
            900.3259836703
        ],
        [
            0.0,
            878.317138671875,
            488.065864952383
        ],
        [
            0.0,
            0.0,
            1.0
        ]
    ],
    "Total Projection Error":0.07326592042388233
}